station,lat,lon
AKSN,16.7978,104.0447
AMKO,17.8006,98.3583
APKN,11.4315,99.5557
ARNG,9.8516,98.6195
ATRG,7.4365,99.5030
AUPG,16.0162,98.8626
AUTT,17.7696,100.7255
AWLK,8.3772,98.7217
AYYA,14.3643,100.5768
BDNG,17.7008,103.2591
BGKN,18.3592,103.6553
BGSP,11.2598,99.4376
BKOK,18.0250,101.0679
BLAN,13.9881,100.1663
BLMG,12.9135,100.8825
BNMG,17.8506,103.5694
BNPE,17.6884,102.4743
BNPG,17.9673,104.2148
BNST,6.2614,101.2551
BOBR,16.0389,103.1185
BOKO,19.1490,101.1574
BRAI,15.0837,99.5219
BTHG,14.7566,105.4113
BTNG,5.7886,101.0733
BUYI,15.5826,102.4221
CHAN,12.6103,102.1024
CHDN,15.1826,101.1094
CHKG,20.2166,100.4037
CHKN,17.8980,101.6645
CHMA,18.8353,98.9700
CHPM,15.8055,102.0310
CHTK,17.2764,100.5996
CHYA,9.4091,99.1656
CKRI,14.3534,98.9571
CLPK,19.5795,101.0808
CMPN,10.4912,99.1264
CNBR,13.4060,100.9977
CTAK,17.2268,99.0649
CUUT,13.7360,100.5339
DACR,15.9445,104.6323
DBRM,14.5546,102.9319
DCMI,19.4139,98.9655
DCRI,20.1077,99.8817
DKTN,15.2090,101.7659
DLEI,17.4209,101.9326
DMSN,18.0536,97.9322
DNAN,19.1002,100.9497
DNPM,16.9551,104.4513
DPLK,16.8404,100.2571
DPNB,16.4394,101.1463
DPT9,13.7568,100.5732
DSAI,17.2800,101.1470
DSNI,8.9870,99.3234
DSNK,17.3051,103.8393
DSSK,15.1765,104.1564
DUDM,14.9101,105.0697
DUDN,16.9732,103.2694
DUTI,15.2459,99.5775
DYLA,6.4595,101.0798
ECMI,18.4737,98.7891
ENMA,14.5971,102.0022
JAHM,18.7073,99.5559
JKRT,15.0139,102.4131
KBCG,14.4746,103.5945
KKJN,12.9078,99.6484
KKOI,14.5864,100.9983
KKOR,16.6279,100.9956
KLKG,16.2133,99.7113
KMCE,16.5772,104.4185
KMIT,13.7278,100.7724
KNKN,16.4410,102.8379
KNSN,16.4216,103.5138
KNSW,15.9318,102.2807
KNYM,18.8398,97.9522
KOGD,11.6581,102.5420
KPNG,9.7205,99.9954
KSKS,15.3296,102.1714
KSSB,16.2806,101.9537
KSWS,15.6561,103.5794
KTBN,13.6234,100.2971
LAGU,6.8845,99.7877
LCNT,14.9792,100.0059
LCPM,15.5589,101.8417
LGNT,16.2071,104.5551
LKPT,16.5522,99.5124
LKRI,14.3071,99.5095
LLEI,16.8846,101.8855
LLPG,18.7564,99.9784
LLPN,17.8019,98.9505
LLRI,15.0897,100.7153
LMDH,16.5470,104.7264
LMHP,12.1724,102.3946
LNAN,18.5714,100.7510
LNBP,17.2240,102.4246
LNMA,15.3483,102.7416
LNSN,15.2994,100.4026
LOMS,16.7563,101.2019
LPBI,12.7228,99.9533
LPBR,14.8009,100.6513
LPCT,16.5086,100.2043
LPLK,17.1083,100.8265
LPMA,15.0251,102.8392
LPRE,18.0753,99.8319
LSN1,9.4724,99.9592
LSN2,8.9000,98.8843
LSNK,17.5953,103.9735
LSRN,14.6365,103.8533
LSSK,14.6406,104.6498
LTRG,7.7886,99.6351
LTRT,12.2334,102.5271
LYST,15.8030,104.1399
MEJM,18.4993,98.3618
MHDU,13.7947,100.3221
MHGS,19.2905,97.9642
MKRI,14.6071,99.7724
MNSN,15.6004,100.6569
MSAI,20.4277,99.8835
MSOD,16.7119,98.5730
MSSB,15.5102,104.7270
MWOG,15.7813,99.5189
NDDG,14.3161,102.7434
NKBI,7.9355,99.1455
NKNY,14.2121,101.2022
NKRM,14.9921,102.1294
NKSW,15.6906,100.1141
NROA,16.4926,102.4328
NRTW,6.4291,101.8234
NSHO,15.7333,102.7959
OKRK,14.1114,100.9788
PBHN,15.2451,105.2301
PCCO,13.4451,101.6104
PCPM,16.0826,101.8028
PCRI,19.6561,99.5430
PJRK,11.8116,99.7964
PKET,7.8896,98.3944
PKKT,13.9125,100.5401
PKNK,8.3378,100.2089
PLDG,12.9718,101.2152
PNNK,13.4658,101.1833
PNPS,18.0360,103.0825
PNST,8.4201,99.3952
PPRM,17.0337,100.2016
PTBR,13.1091,99.9443
PTLG,7.6156,100.0715
PYAO,19.1921,99.8805
RAND,7.7676,100.3244
RAYG,12.6690,101.2737
SADO,6.7306,100.4491
SAKW,13.8060,102.0969
SAMG,18.8481,98.7323
SATN,6.6247,100.0661
SBKK,13.7929,100.5965
SBRI,6.7045,101.6182
SCHP,16.8012,102.1871
SDAN,16.1891,100.8593
SDAO,13.1370,102.2184
SICN,9.0072,99.9013
SISA,17.5175,99.7604
SISK,15.1161,104.2857
SKBR,15.1550,98.4534
SKNK,17.1552,104.1337
SKOM,18.0637,102.2720
SKPM,14.9459,103.7917
SKTH,17.0052,99.8273
SMNM,18.0652,99.2455
SMSK,13.4379,100.3350
SNCK,13.6586,101.4398
SOKA,7.2067,100.5961
SPBR,14.5189,100.1306
SPDI,6.0848,101.8774
SPUG,13.5473,99.4408
SRTN,9.1322,99.3314
STHP,12.6628,100.9041
SURN,14.8796,103.4875
TAPY,14.0062,102.8059
TCP1,10.8029,99.1702
TCP2,10.0698,99.0587
TCTI,12.7355,101.8334
TEPA,6.8298,100.9645
TGSG,8.1295,99.6713
THAI,14.0430,100.7136
THKP,8.8707,98.3444
THPP,14.7449,98.6242
THSY,17.2267,98.2258
TKK1,16.8385,102.9127
TKK2,15.8951,102.6489
TKPP,15.6053,105.0362
TKRI,14.1052,99.4295
TNPM,17.3343,104.5783
TNPT,14.0880,99.9399
TNSN,15.8802,100.4116
TNST,8.4892,99.9562
TPHN,16.2188,100.4286
TPK1,12.4158,99.8861
TPK2,10.9873,99.3684
TPKT,8.1346,98.3305
TPNM,16.9369,104.7095
TPRI,13.9444,101.7123
TSKA,6.9287,100.4062
TSKW,13.6949,102.4924
TSRI,14.6519,101.1551
TSSK,15.1051,104.5690
TUBN,15.1930,104.8837
TUTT,17.6630,100.1249
UDON,17.4127,102.7807
UTHI,15.3608,100.0087
UTOG,14.3773,99.8931
UTTD,17.6301,100.0963
WGCN,17.8998,99.6030
WHAG,19.5616,98.6370
WNKH,14.4170,101.8503
WNNW,17.6317,103.7520
WSPG,17.3008,101.7687
